{"cameraMode":{"drawMode":0,"name":"Shaded","section":"Shading Mode"},"sceneLighting":true,"audioPlay":false,"sceneViewState":{"showFog":true,"showMaterialUpdate":true,"showSkybox":true,"showFlares":true,"showImageEffects":true,"showParticleSystems":true},"in2DMode":false,"pivot":{"x":-2.213444232940674,"y":-0.328125,"z":-0.518051028251648},"rotation":{"x":0.3405510187149048,"y":-0.11803091317415238,"z":0.04313797876238823,"w":0.9317908883094788},"size":5.643485069274902,"orthographic":true}