{"cameraMode":{"drawMode":0,"name":"Shaded","section":"Shading Mode"},"sceneLighting":true,"audioPlay":false,"sceneViewState":{"showFog":true,"showMaterialUpdate":true,"showSkybox":true,"showFlares":true,"showImageEffects":true,"showParticleSystems":true},"in2DMode":false,"pivot":{"x":0.0,"y":1.3300000429153443,"z":-10.880000114440918},"rotation":{"x":0.22757306694984437,"y":-0.22967489063739777,"z":0.05532925948500633,"w":0.9446688294410706},"size":4.169309139251709,"orthographic":true}