{"cameraMode":{"drawMode":0,"name":"Shaded","section":"Shading Mode"},"sceneLighting":true,"audioPlay":false,"sceneViewState":{"showFog":true,"showMaterialUpdate":false,"showSkybox":true,"showFlares":true,"showImageEffects":true,"showParticleSystems":true},"in2DMode":false,"pivot":{"x":-1.3509881496429444,"y":1.2658271789550782,"z":0.48970097303390505},"rotation":{"x":-0.08037648350000382,"y":0.9178781509399414,"z":-0.24368396401405335,"w":-0.3027516305446625},"size":6.668501377105713,"orthographic":true}